timestamp,user_id,action
2023-04-13 18:22:23,41,purchase
2023-05-12 06:46:37,27,purchase
2023-01-07 11:30:50,37,purchase
2023-04-27 00:31:34,12,view
2023-12-01 05:14:59,75,purchase
2023-12-28 11:11:23,18,logout
2023-01-27 13:19:35,29,login
2023-02-22 19:01:09,35,logout
2023-07-21 04:08:05,75,purchase
2023-08-20 23:59:29,61,click
2023-07-05 19:23:02,88,login
2023-09-11 02:49:11,46,logout
2023-02-12 11:02:10,48,logout
2023-06-24 22:14:24,64,click
2023-02-08 16:34:45,4,purchase
2023-09-21 15:31:24,16,login
2023-03-05 02:07:22,44,view
2023-01-05 06:41:35,79,purchase
2023-11-02 19:44:41,2,view
2023-02-08 09:20:24,94,login
2023-12-05 15:47:10,88,purchase
2023-01-30 21:04:25,23,view
2023-03-21 18:26:21,92,click
2023-06-06 23:41:03,50,click
2023-09-20 18:36:24,12,view
2023-12-29 12:43:49,58,view
2023-12-31 21:29:57,4,login
2023-01-04 04:39:01,93,login
2023-10-23 15:08:06,13,login
2023-12-12 11:16:01,30,login
2023-11-26 01:09:15,47,click
2023-12-27 16:05:47,80,view
2023-02-15 07:11:24,94,view
2023-07-05 22:59:33,89,click
2023-11-01 10:50:05,28,view
2023-01-11 23:00:07,52,login
2023-10-10 09:48:03,21,login
2023-06-17 17:27:51,80,view
2023-11-11 17:47:51,13,view
2023-03-18 05:16:22,49,logout
2023-09-18 00:02:17,38,click
2023-02-27 22:16:31,33,view
2023-05-15 08:54:33,24,logout
2023-11-24 03:53:08,80,login
2023-03-01 03:40:11,4,logout
2023-11-11 23:47:42,7,purchase
2023-10-03 14:25:39,33,click
2023-09-16 10:44:07,44,logout
2023-08-22 23:35:27,45,logout
2023-12-15 12:16:07,27,logout
2023-12-02 08:01:25,81,login
2023-01-21 07:57:03,64,view
2023-03-15 13:07:16,93,login
2023-02-06 08:23:16,89,purchase
2023-09-11 21:26:53,63,click
2023-02-26 23:11:37,35,click
2023-08-22 10:14:44,44,view
2023-03-17 23:23:10,70,logout
2023-04-01 23:05:32,73,click
2023-03-04 01:16:15,84,purchase
2023-04-06 06:18:06,14,click
2023-09-12 02:47:15,13,logout
2023-11-19 16:42:20,9,logout
2023-02-24 11:14:11,52,logout
2023-03-13 17:02:43,50,logout
2023-04-27 15:50:29,33,logout
2023-04-15 16:40:13,86,login
2023-11-11 13:54:49,76,purchase
2023-01-16 07:22:19,87,purchase
2023-07-18 06:32:22,74,view
2023-07-28 01:15:39,77,view
2023-07-28 06:50:49,78,click
2023-03-20 01:26:32,12,login
2023-11-17 14:56:02,10,logout
2023-11-06 23:59:39,13,logout
2023-06-22 15:56:53,95,purchase
2023-03-29 12:47:03,27,login
2023-08-16 17:54:40,1,login
2023-04-18 05:47:56,8,login
2023-07-01 17:17:09,55,click
2023-02-24 18:17:13,74,click
2023-06-08 07:03:32,51,logout
2023-07-16 07:29:02,17,login
2023-05-12 00:57:18,57,purchase
2023-01-05 17:39:04,30,view
2023-04-06 12:33:31,75,view
2023-04-06 06:06:56,83,view
2023-06-22 02:38:53,35,purchase
2023-02-22 21:56:46,95,purchase
2023-03-01 16:46:42,10,login
2023-01-14 15:53:21,13,view
2023-06-29 02:50:00,88,view
2023-06-30 16:59:19,28,purchase
2023-12-29 14:11:24,3,click
2023-06-18 16:15:03,44,login
2023-03-28 00:19:17,8,logout
2023-07-31 23:42:01,63,logout
2023-09-26 06:35:28,4,purchase
2023-03-30 11:55:45,96,logout
2023-10-14 06:30:04,78,purchase
2023-06-16 01:57:27,13,view
2023-03-12 20:10:08,46,purchase
2023-01-27 12:02:22,88,purchase
2023-09-17 22:52:30,51,click
2023-02-17 19:40:00,17,purchase
2023-02-27 18:52:25,53,purchase
2023-07-12 04:42:33,23,purchase
2023-11-17 07:03:58,1,click
2023-09-07 01:09:09,43,click
2023-09-12 15:40:32,76,login
2023-10-13 03:05:33,10,click
2023-12-31 03:33:46,62,view
2023-11-18 11:41:32,73,logout
2023-09-23 17:25:28,8,purchase
2023-08-03 13:56:47,31,purchase
2023-06-05 23:09:41,28,logout
2023-07-02 16:26:28,87,view
2023-01-11 13:50:48,99,view
2023-06-19 08:09:18,49,view
2023-11-04 19:03:22,6,login
2023-01-31 10:11:00,15,click
2023-06-06 09:38:13,19,view
2023-10-29 02:07:07,92,login
2023-02-17 05:17:06,74,click
2023-11-05 08:28:36,2,logout
2023-08-08 15:27:09,51,login
2023-05-03 16:20:20,93,click
2023-08-12 07:56:27,6,login
2023-06-10 07:06:06,4,logout
2023-09-05 23:11:17,76,login
2023-06-27 09:55:34,84,purchase
2023-07-19 02:36:31,26,purchase
2023-12-23 05:59:21,34,view
2023-08-25 14:28:16,47,click
2023-04-14 19:44:18,38,logout
2023-04-18 01:25:08,15,view
2023-08-24 02:21:00,29,purchase
2023-09-25 20:03:38,81,purchase
2023-03-06 13:43:00,2,click
2023-09-01 13:33:10,17,view
2023-03-21 22:34:13,27,logout
2023-05-15 03:24:16,35,view
2023-02-28 04:41:36,69,view
2023-02-26 20:21:34,15,click
2023-02-24 06:37:21,57,click
2023-11-06 22:16:36,46,view
2023-06-13 02:23:34,50,view
2023-07-06 11:24:03,44,login
2023-03-14 06:33:05,95,purchase
2023-04-06 09:01:27,51,purchase
2023-08-05 05:29:31,72,logout
2023-12-06 07:28:58,92,view
2023-04-07 03:09:08,71,login
2023-07-09 21:37:03,45,purchase
2023-06-16 20:35:07,27,login
2023-11-27 12:51:15,90,view
2023-07-06 13:49:15,56,view
2023-02-04 23:36:55,20,click
2023-10-21 12:05:04,62,view
2023-11-29 15:16:12,84,click
2023-12-09 15:23:40,39,purchase
2023-04-11 15:27:17,83,logout
2023-01-30 11:18:03,25,purchase
2023-08-14 00:43:59,28,login
2023-07-28 16:35:46,59,click
2023-08-24 09:05:53,73,purchase
2023-10-15 13:40:21,45,purchase
2023-01-22 14:10:54,46,logout
2023-07-24 01:03:46,38,logout
2023-04-19 00:47:42,91,purchase
2023-12-09 06:43:31,77,logout
2023-12-16 02:26:03,26,purchase
2023-07-05 15:16:44,75,logout
2023-11-03 08:59:51,24,logout
2023-08-09 03:35:30,34,click
2023-07-14 13:18:49,25,purchase
2023-10-22 05:42:54,63,view
2023-10-28 00:48:42,67,purchase
2023-11-25 22:14:32,38,view
2023-05-31 11:55:01,65,click
2023-01-09 01:04:02,27,view
2023-01-03 04:28:57,84,login
2023-04-30 15:04:20,31,purchase
2023-05-24 06:23:32,10,login
2023-02-21 09:24:04,15,purchase
2023-03-07 07:31:39,30,view
2023-05-30 18:07:59,23,click
2023-10-23 06:31:03,58,view
2023-06-04 07:47:26,60,view
2023-03-05 20:22:16,66,click
2023-02-27 00:14:42,100,purchase
2023-01-26 03:43:02,59,purchase
2023-10-03 15:19:33,35,logout
2023-12-02 04:30:57,94,click
2023-09-25 22:19:02,40,purchase
2023-01-20 12:32:57,24,click
2023-05-20 05:21:52,42,click
2023-08-15 04:29:17,90,login
2023-10-15 18:03:40,72,logout
2023-10-20 19:51:12,78,logout
2023-06-21 06:14:01,56,click
2023-10-01 09:00:34,68,view
2023-08-25 21:10:00,42,click
2023-02-19 08:18:44,9,logout
2023-10-03 15:46:03,94,purchase
2023-12-10 03:34:03,2,view
2023-12-19 09:10:41,30,click
2023-06-21 21:13:57,68,purchase
2023-11-06 14:12:06,44,view
2023-09-28 02:08:04,1,view
2023-10-30 11:11:13,19,logout
2023-04-10 20:12:42,64,view
2023-06-26 06:34:45,38,purchase
2023-08-03 10:44:15,44,login
2023-04-20 07:21:38,60,view
2023-12-06 08:08:05,27,logout
2023-09-28 04:37:05,15,login
2023-01-18 19:29:22,20,view
2023-09-20 03:43:57,72,click
2023-03-25 03:12:12,98,login
2023-07-24 10:50:41,71,view
2023-09-27 10:43:43,36,purchase
2023-01-02 17:05:52,89,purchase
2023-08-25 22:05:47,91,click
2023-10-19 06:43:48,57,purchase
2023-04-22 14:27:35,46,view
2023-03-13 08:28:45,13,click
2023-10-11 18:57:26,79,purchase
2023-12-02 03:58:59,50,view
2023-09-08 00:21:50,37,login
2023-03-29 05:19:34,98,purchase
2023-06-23 12:38:46,60,login
2023-04-22 21:16:08,81,view
2023-12-21 14:45:28,39,view
2023-04-17 15:41:40,53,click
2023-06-22 13:02:03,29,login
2023-12-07 01:11:11,5,view
2023-06-05 17:54:07,56,login
2023-04-28 21:59:29,2,view
2023-10-29 02:22:16,68,click
2023-08-29 07:13:14,2,logout
2023-07-17 18:18:22,24,login
2023-06-07 15:19:58,9,logout
2023-07-28 17:39:30,21,logout
2023-05-04 11:44:55,13,purchase
2023-03-22 07:58:12,16,click
2023-09-16 21:19:57,23,click
2023-03-23 15:55:49,23,logout
2023-03-25 11:00:57,14,login
2023-12-28 22:28:23,75,logout
2023-04-18 21:59:26,44,login
2023-10-11 10:53:16,38,click
2023-03-26 04:25:51,6,login
2023-04-24 01:57:09,63,click
2023-05-14 14:09:27,84,click
2023-06-07 18:28:38,42,login
2023-08-26 19:25:36,58,view
2023-12-15 22:57:57,98,click
2023-03-08 03:05:45,94,purchase
2023-12-28 09:46:11,19,click
2023-11-20 13:54:35,34,purchase
2023-10-12 23:41:01,94,click
2023-11-07 12:05:50,74,login
2023-01-15 12:16:04,6,logout
2023-10-31 07:16:55,79,logout
2023-07-22 16:46:13,88,view
2023-08-25 23:11:53,37,click
2023-12-07 06:33:26,93,login
2023-03-21 15:36:25,57,purchase
2023-09-21 22:17:29,58,view
2023-03-17 21:43:33,85,click
2023-07-26 19:08:19,86,click
2023-07-26 18:24:12,76,logout
2023-02-05 11:03:56,43,logout
2023-03-26 01:33:27,23,login
2023-08-09 18:10:21,48,logout
2023-08-20 21:22:24,80,view
2023-04-07 13:31:08,95,purchase
2023-06-11 22:25:13,67,purchase
2023-07-04 20:26:42,67,logout
2023-09-18 11:15:04,96,login
2023-09-05 11:11:38,8,purchase
2023-09-02 20:49:36,15,click
2023-04-18 00:31:46,3,login
2023-06-18 08:29:55,1,logout
2023-02-06 10:13:03,33,view
2023-11-29 21:29:07,43,click
2023-04-21 07:03:27,86,view
2023-10-02 20:18:44,39,logout
2023-10-06 18:46:01,19,view
2023-03-15 05:06:53,41,purchase
2023-10-14 16:36:49,96,view
2023-11-12 02:33:34,36,click
2023-09-18 14:49:03,9,click
2023-06-15 22:28:01,2,view
2023-10-18 17:44:24,57,purchase
2023-03-17 08:46:33,98,click
2023-10-14 13:45:23,75,login
2023-06-28 13:58:18,9,purchase
2023-11-12 01:28:42,73,click
2023-11-23 20:13:41,34,login
2023-10-23 19:27:36,41,login
2023-12-28 02:21:34,6,login
2023-04-22 14:16:39,40,view
2023-05-10 18:55:52,88,login
2023-11-05 03:31:54,32,logout
2023-12-27 07:50:30,46,purchase
2023-12-12 01:08:02,16,view
2023-09-26 06:13:48,10,purchase
2023-05-22 06:20:10,44,view
2023-08-05 13:35:50,4,purchase
2023-02-10 19:37:16,2,click
2023-05-05 15:18:30,80,login
2023-01-13 10:30:56,58,logout
2023-07-12 00:23:57,100,purchase
2023-01-26 10:22:22,75,click
2023-05-16 09:22:50,68,view
2023-10-06 18:37:21,35,purchase
2023-01-08 17:22:03,74,logout
2023-09-14 09:39:29,56,logout
2023-06-29 14:01:02,19,login
2023-05-21 19:02:51,35,click
2023-03-26 21:28:55,9,view
2023-01-02 19:33:14,85,login
2023-06-06 07:54:56,65,logout
2023-05-20 00:50:00,5,click
2023-05-06 11:09:33,25,purchase
2023-11-02 21:31:56,54,purchase
2023-08-17 10:48:18,13,view
2023-09-17 18:39:11,86,view
2023-12-31 07:11:30,89,purchase
2023-05-01 11:53:53,32,login
2023-04-20 16:07:50,33,logout
2023-07-10 20:35:03,15,purchase
2023-08-11 07:58:17,75,view
2023-10-04 07:36:35,42,logout
2023-05-30 19:50:16,30,login
2023-12-31 08:31:52,29,view
2023-07-21 15:45:20,7,logout
2023-02-22 09:43:29,3,view
2023-12-18 01:12:55,74,purchase
2023-01-25 03:20:15,5,login
2023-06-28 20:11:43,91,view
2023-11-18 15:08:29,93,click
2023-04-24 08:11:53,7,purchase
2023-04-16 02:43:39,13,view
2023-09-23 23:39:05,71,view
2023-03-17 00:07:41,75,login
2023-11-06 18:43:20,74,view
2023-03-27 08:57:28,71,purchase
2023-02-14 17:03:15,1,click
2023-01-31 04:55:52,83,view
2023-10-27 14:36:45,96,purchase
2023-05-22 05:52:23,61,logout
2023-05-17 16:46:32,55,view
2023-05-20 22:05:35,69,logout
2023-01-05 18:50:19,54,logout
2023-05-27 14:00:18,69,logout
2023-11-11 12:09:57,91,logout
2023-01-15 16:58:24,27,click
2023-05-06 07:44:35,13,login
2023-06-05 22:44:12,81,click
2023-07-07 16:02:54,4,view
2023-07-24 06:01:18,20,view
2023-01-06 23:41:59,40,logout
2023-04-25 04:46:21,32,logout
2023-10-18 22:15:22,34,login
2023-09-21 12:38:21,26,click
2023-07-10 04:34:14,24,click
2023-01-03 10:43:08,24,login
2023-07-12 16:25:17,94,logout
2023-04-06 22:34:57,15,purchase
2023-12-05 21:16:21,15,logout
2023-05-26 07:43:43,7,logout
2023-11-05 18:42:23,22,logout
2023-04-23 01:19:57,82,logout
2023-07-08 16:46:16,59,click
2023-07-28 09:03:51,45,purchase
2023-09-29 09:23:48,48,view
2023-07-07 10:52:28,57,click
2023-07-23 09:17:08,44,login
2023-11-07 02:51:33,11,logout
2023-11-01 05:02:42,5,logout
2023-09-24 08:32:35,47,click
2023-07-26 07:21:52,2,logout
2023-10-28 11:41:33,3,login
2023-10-01 07:38:03,13,purchase
2023-10-23 13:51:45,20,view
2023-12-15 19:01:07,70,purchase
2023-04-20 01:08:52,56,click
2023-07-16 03:08:48,14,login
2023-10-01 21:12:46,86,purchase
2023-06-14 23:59:33,51,logout
2023-08-16 12:18:06,4,view
2023-02-17 07:49:56,50,click
2023-08-24 06:32:22,50,logout
2023-12-20 05:09:42,24,purchase
2023-02-15 04:30:02,59,view
2023-12-04 12:56:35,98,purchase
2023-08-26 09:06:11,90,login
2023-09-14 06:29:20,1,view
2023-02-25 10:55:12,24,click
2023-10-11 08:36:18,92,login
2023-07-28 22:24:17,74,logout
2023-12-09 01:03:02,85,login
2023-12-01 01:26:50,83,click
2023-01-23 17:44:03,14,login
2023-05-14 11:38:49,75,view
2023-10-24 13:29:49,96,logout
2023-10-10 17:00:28,7,login
2023-02-17 23:01:40,52,click
2023-09-24 06:17:13,36,purchase
2023-01-30 03:36:56,16,view
2023-02-07 17:08:32,78,logout
2023-12-06 04:52:28,91,click
2023-06-25 02:22:47,33,logout
2023-11-11 12:49:37,76,purchase
2023-08-26 08:40:11,20,purchase
2023-10-24 19:56:14,37,logout
2023-01-28 06:19:58,58,purchase
2023-03-20 03:11:15,92,login
2023-03-11 15:35:26,48,click
2023-05-24 15:34:03,48,login
2023-11-14 16:36:08,48,view
2023-06-04 04:27:56,90,view
2023-11-11 04:59:24,50,click
2023-07-04 14:40:26,51,purchase
2023-04-06 02:51:22,36,view
2023-11-13 08:07:36,13,click
2023-04-25 05:30:11,10,login
2023-03-04 12:39:20,53,click
2023-03-16 23:29:44,69,click
2023-12-30 18:53:35,22,login
2023-02-27 00:11:36,50,login
2023-09-05 03:31:47,60,click
2023-09-15 12:58:10,82,click
2023-06-13 00:16:37,64,purchase
2023-04-16 00:11:51,55,click
2023-10-10 17:00:40,91,login
2023-02-04 08:51:21,52,view
2023-05-12 22:16:12,57,view
2023-05-03 08:10:26,30,purchase
2023-06-06 03:51:29,47,click
2023-09-27 19:19:57,89,logout
2023-12-07 15:11:17,5,login
2023-12-29 02:31:58,20,logout
2023-10-17 22:39:21,62,click
2023-06-12 22:33:37,39,click
2023-10-13 01:37:28,70,purchase
2023-04-21 15:39:27,87,click
2023-06-28 03:37:08,21,purchase
2023-04-27 14:02:54,37,view
2023-07-10 19:52:12,81,login
2023-10-12 11:47:52,61,click
2023-11-21 21:20:57,20,logout
2023-09-05 14:06:01,39,logout
2023-10-19 07:45:31,80,purchase
2023-01-20 07:50:46,44,login
2023-09-13 00:32:12,83,click
2023-12-20 17:05:15,33,logout
2023-02-10 00:44:06,97,view
2023-07-06 13:11:35,11,logout
2023-08-08 20:01:52,8,logout
2023-03-26 12:31:40,70,logout
2023-02-07 22:00:13,50,view
2023-07-17 08:32:17,73,click
2023-11-18 01:53:57,79,login
2023-06-12 20:21:12,8,logout
2023-06-27 14:02:01,81,purchase
2023-02-07 12:34:16,98,view
2023-09-16 05:18:14,93,login
2023-11-17 20:05:37,91,logout
2023-07-23 07:01:07,49,view
2023-06-19 13:56:32,31,click
2023-09-03 09:47:30,77,view
2023-06-17 23:53:03,83,click
2023-01-09 18:26:36,47,purchase
2023-03-17 00:54:14,69,purchase
2023-09-28 15:12:18,82,click
2023-02-20 09:37:52,81,login
2023-04-22 03:48:13,42,logout
2023-07-12 05:51:18,11,click
2023-06-28 21:03:50,81,login
2023-09-09 16:49:10,45,logout
2023-10-12 08:15:26,68,view
2023-02-16 18:50:59,48,purchase
2023-11-18 13:09:15,85,view
2023-08-20 15:25:03,99,purchase
2023-11-15 19:42:36,44,login
2023-04-17 22:49:05,100,logout
2023-05-28 21:52:15,12,logout
2023-04-04 07:41:30,69,purchase
2023-02-16 04:49:08,97,click
2023-09-06 11:57:18,34,click
2023-08-19 13:17:56,47,login
2023-12-30 14:27:33,74,click
2023-07-05 20:53:02,10,click
2023-10-15 03:21:26,74,view
2023-09-07 18:12:49,54,click
2023-07-30 02:52:55,30,logout
2023-12-08 23:02:53,2,login
2023-11-07 00:32:39,75,click
2023-06-25 03:14:03,67,login
2023-08-28 11:15:47,78,click
2023-09-12 16:24:22,2,purchase
2023-06-15 02:06:32,15,view
2023-10-25 06:37:35,57,purchase
2023-04-07 05:31:42,97,login
2023-05-01 04:38:38,93,click
2023-03-07 04:28:44,45,logout
2023-12-31 16:50:49,67,click
2023-07-03 11:31:56,94,view
2023-07-23 20:08:39,58,click
2023-03-21 17:14:11,3,login
2023-11-11 17:47:15,78,view
2023-09-11 10:29:56,17,login
2023-01-27 22:03:45,53,view
2023-10-05 06:39:26,61,login
2023-09-29 02:15:17,94,logout
2023-03-09 21:58:42,13,login
2023-11-23 12:16:40,85,click
2023-08-10 03:45:09,67,click
2023-05-05 04:03:00,19,login
2023-07-13 05:01:50,29,click
2023-03-28 05:52:36,67,click
2023-06-13 23:31:24,60,login
2023-02-02 08:32:06,90,purchase
2023-02-25 12:45:54,15,view
2023-06-16 13:32:01,39,logout
2023-01-19 01:32:28,6,login
2023-07-17 15:39:55,22,purchase
2023-10-12 14:23:03,97,login
2023-07-24 11:56:58,45,purchase
2023-09-14 22:22:36,89,logout
2023-08-04 15:51:00,56,purchase
2023-06-28 23:30:49,57,click
2023-12-31 21:12:00,31,view
2023-04-29 01:14:08,68,login
2023-08-09 13:10:41,66,view
2023-11-02 13:33:28,19,click
2023-02-11 02:04:44,78,click
2023-03-26 18:17:16,97,view
2023-05-23 16:53:31,48,view
2023-11-06 17:10:27,78,purchase
2023-04-02 17:06:28,43,login
2023-05-05 21:13:36,9,click
2023-07-21 13:04:32,66,logout
2023-11-27 17:16:13,4,login
2023-02-22 12:46:18,44,logout
2023-07-11 11:09:41,61,click
2023-08-16 07:12:53,52,login
2023-01-31 08:53:53,8,login
2023-03-11 10:13:35,99,purchase
2023-07-20 04:08:41,64,click
2023-10-14 00:51:26,57,logout
2023-07-01 07:54:24,66,purchase
2023-11-10 06:06:17,62,view
2023-05-05 19:17:28,9,click
2023-08-01 09:04:39,20,login
2023-02-17 12:45:20,8,login
2023-01-31 06:44:43,35,purchase
2023-05-08 04:14:15,13,purchase
2023-02-07 00:18:54,71,click
2023-08-20 19:02:39,64,login
2023-03-18 17:12:02,59,click
2023-08-01 14:51:31,19,click
2023-08-05 18:31:43,99,logout
2023-07-17 19:29:10,52,click
2023-12-26 06:12:50,59,logout
2023-11-18 20:28:41,59,click
2023-04-04 17:01:47,39,purchase
2023-08-24 20:29:31,10,purchase
2023-04-28 04:07:11,81,logout
2023-07-31 13:07:12,85,purchase
2023-06-05 02:11:05,93,login
2023-09-26 01:58:15,78,login
2023-05-20 19:35:08,17,login
2023-03-05 04:03:39,2,logout
2023-05-28 13:54:40,10,login
2023-03-13 01:48:14,18,view
2023-06-22 23:19:00,24,logout
2023-06-15 21:36:07,95,purchase
2023-02-15 23:24:47,29,login
2023-04-23 05:45:52,99,click
2023-12-26 00:14:52,1,view
2023-09-02 16:22:47,33,login
2023-01-12 22:14:11,50,view
2023-02-23 01:38:36,48,login
2023-09-17 12:08:58,70,view
2023-11-28 18:50:46,29,logout
2023-08-10 13:45:47,53,logout
2023-05-19 18:43:25,28,view
2023-05-04 00:31:51,16,login
2023-04-27 13:34:05,53,login
2023-09-16 20:27:31,45,view
2023-04-28 02:43:01,82,purchase
2023-01-14 07:18:32,34,logout
2023-08-04 15:36:32,45,view
2023-04-01 15:27:07,30,purchase
2023-02-17 01:41:14,71,purchase
2023-06-27 13:51:20,63,purchase
2023-04-02 20:08:56,50,view
2023-10-23 06:50:49,36,login
2023-11-10 14:16:49,46,login
2023-04-23 14:26:41,29,purchase
2023-05-07 07:11:55,97,purchase
2023-11-30 17:31:03,100,login
2023-04-22 03:40:20,68,login
2023-09-23 20:38:06,73,view
2023-10-13 12:00:26,69,login
2023-05-05 20:37:59,19,click
2023-05-08 13:48:39,64,view
2023-11-15 14:15:50,98,purchase
2023-02-05 07:09:53,11,purchase
2023-05-23 03:24:49,80,logout
2023-04-11 07:02:49,85,logout
2023-03-29 12:27:29,13,click
2023-09-27 03:27:40,22,login
2023-06-27 21:25:27,68,view
2023-01-12 12:15:04,16,logout
2023-06-30 19:21:57,79,login
2023-07-23 14:50:06,43,logout
2023-06-21 00:42:00,75,logout
2023-03-28 05:24:21,18,logout
2023-07-14 20:13:09,93,login
2023-06-24 16:56:44,40,login
2023-02-28 18:10:41,90,logout
2023-08-14 04:40:29,79,view
2023-09-20 06:13:55,68,logout
2023-03-28 00:26:42,99,click
2023-05-02 06:44:54,12,logout
2023-01-17 09:10:21,80,purchase
2023-06-20 20:07:29,30,logout
2023-04-17 15:14:15,74,login
2023-01-05 12:13:49,3,view
2023-04-09 14:25:39,45,click
2023-11-22 16:32:23,87,view
2023-11-08 01:39:07,75,view
2023-04-26 14:04:36,74,view
2023-01-20 22:14:10,51,logout
2023-03-10 13:14:33,42,view
2023-01-18 08:29:26,98,logout
2023-06-12 16:39:39,30,click
2023-06-30 17:10:37,10,purchase
2023-10-05 01:41:42,45,view
2023-08-29 10:46:02,14,logout
2023-12-02 02:08:29,13,view
2023-01-17 15:37:48,30,purchase
2023-09-09 01:43:41,72,click
2023-05-16 17:17:28,92,purchase
2023-07-03 21:11:02,33,login
2023-05-21 16:56:45,61,view
2023-03-30 08:45:28,94,logout
2023-09-26 14:57:54,4,login
2023-06-20 11:16:14,2,logout
2023-03-16 22:01:39,55,login
2023-08-28 02:11:28,57,logout
2023-08-03 14:55:14,53,purchase
2023-08-23 07:12:18,82,logout
2023-02-07 04:07:04,85,click
2023-06-29 07:32:42,93,click
2023-06-12 07:11:55,37,purchase
2023-04-06 05:46:58,60,login
2023-01-07 15:31:42,7,click
2023-12-26 19:46:33,66,view
2023-09-24 01:36:53,1,purchase
2023-12-21 09:18:51,29,purchase
2023-08-01 01:36:47,46,click
2023-07-19 17:44:10,78,view
2023-03-02 00:24:22,71,click
2023-12-30 02:59:41,1,login
2023-11-30 23:35:23,34,click
2023-02-26 17:07:24,70,view
2023-12-22 20:46:47,82,click
2023-10-24 01:21:33,39,click
2023-04-10 07:16:26,75,login
2023-06-20 14:37:12,72,login
2023-11-01 08:37:21,81,view
2023-10-17 20:52:36,5,view
2023-09-15 12:13:45,81,logout
2023-02-23 14:56:15,82,logout
2023-12-13 03:37:12,98,view
2023-08-16 03:27:47,33,view
2023-09-25 05:52:49,95,view
2023-01-18 16:52:42,77,logout
2023-02-22 18:09:50,78,purchase
2023-02-21 06:05:15,30,logout
2023-03-22 02:42:03,62,purchase
2023-12-29 14:59:12,13,logout
2023-05-29 14:03:15,68,login
2023-02-12 18:16:13,12,click
2023-06-06 09:53:15,22,purchase
2023-02-26 01:16:00,93,view
2023-05-31 20:14:40,39,login
2023-02-08 02:27:52,15,view
2023-06-01 18:20:38,6,purchase
2023-10-03 14:37:22,68,click
2023-11-10 20:02:54,41,purchase
2023-06-24 19:48:50,14,purchase
2023-01-23 14:15:55,9,view
2023-08-31 17:38:36,21,purchase
2023-11-02 03:19:00,17,click
2023-03-04 19:17:30,100,view
2023-07-19 00:41:14,1,click
2023-07-09 11:50:44,63,login
2023-03-15 05:57:57,76,purchase
2023-01-03 04:28:50,46,logout
2023-06-08 01:52:07,27,logout
2023-10-02 08:18:49,15,view
2023-01-11 09:41:02,9,logout
2023-02-18 02:36:34,87,view
2023-04-30 04:21:23,35,purchase
2023-04-08 21:46:22,85,login
2023-10-14 10:54:03,4,purchase
2023-09-24 13:29:49,57,view
2023-01-25 13:46:17,31,login
2023-10-20 11:08:58,81,login
2023-05-10 09:48:38,73,click
2023-08-27 01:34:57,20,click
2023-04-21 18:44:21,80,view
2023-10-06 17:57:33,85,click
2023-02-04 18:47:40,43,view
2023-09-25 01:53:26,19,login
2023-10-05 01:52:18,41,view
2023-05-26 23:55:36,50,purchase
2023-05-23 03:11:31,73,view
2023-07-06 04:38:18,33,login
2023-06-02 23:59:32,16,login
2023-03-24 11:05:52,97,logout
2023-06-26 17:42:15,56,logout
2023-10-10 02:16:31,12,click
2023-01-11 00:47:38,71,view
2023-11-06 15:02:02,36,login
2023-01-01 10:02:19,82,logout
2023-07-15 04:20:45,62,purchase
2023-06-09 19:19:02,75,view
2023-07-18 10:12:55,61,click
2023-03-18 13:11:50,5,purchase
2023-11-23 11:50:28,15,logout
2023-04-09 03:19:21,65,logout
2023-08-23 11:02:16,61,login
2023-09-11 02:09:41,66,login
2023-01-11 08:43:23,100,click
2023-05-14 23:52:39,91,click
2023-09-04 00:07:36,69,login
2023-10-08 04:06:48,86,login
2023-07-09 06:23:47,35,view
2023-05-29 02:16:21,65,login
2023-04-17 22:46:48,29,login
2023-08-05 15:10:10,41,login
2023-10-12 18:44:13,7,view
2023-12-25 07:39:09,23,login
2023-12-12 11:59:13,64,logout
2023-01-24 03:36:19,80,logout
2023-03-20 11:57:01,48,view
2023-09-05 08:53:39,21,click
2023-12-02 22:58:29,26,logout
2023-06-01 15:17:36,58,logout
2023-12-03 09:28:22,22,click
2023-09-22 10:05:32,83,view
2023-11-22 00:52:25,54,view
2023-04-10 05:48:13,29,purchase
2023-03-02 12:01:53,90,view
2023-12-06 23:59:27,7,purchase
2023-01-29 00:35:57,21,view
2023-02-17 15:48:15,15,click
2023-03-13 04:23:46,31,view
2023-09-12 21:06:50,33,purchase
2023-04-29 16:06:36,30,login
2023-07-31 03:57:54,37,login
2023-02-19 20:18:44,67,purchase
2023-04-29 23:07:12,8,view
2023-09-14 22:45:47,43,click
2023-03-06 17:03:20,42,purchase
2023-05-23 03:13:58,84,login
2023-06-17 01:41:54,70,view
2023-04-24 14:38:48,61,purchase
2023-06-18 21:25:55,67,purchase
2023-04-04 03:54:34,93,click
2023-04-08 15:28:57,96,purchase
2023-09-13 11:04:20,3,view
2023-10-02 19:59:17,20,purchase
2023-09-10 23:54:27,58,purchase
2023-10-05 15:59:00,26,purchase
2023-07-22 15:23:00,63,logout
2023-08-18 21:41:09,9,click
2023-01-11 02:50:10,49,view
2023-10-19 19:17:37,37,view
2023-07-25 11:11:47,9,click
2023-07-27 14:40:55,33,purchase
2023-12-01 12:06:35,91,click
2023-09-14 13:39:14,1,click
2023-03-06 13:21:12,59,click
2023-09-18 01:56:57,51,purchase
2023-03-01 11:10:47,7,login
2023-11-02 06:40:14,92,click
2023-11-03 17:39:32,40,logout
2023-09-15 04:56:42,4,logout
2023-07-29 01:02:57,11,purchase
2023-04-05 19:28:51,74,logout
2023-11-03 08:27:23,53,view
2023-02-04 06:53:32,81,view
2023-02-24 19:26:43,57,logout
2023-01-15 15:28:39,24,view
2023-07-31 09:36:54,24,logout
2023-01-19 00:48:31,72,view
2023-03-03 12:25:13,73,click
2023-01-05 20:52:35,51,logout
2023-01-29 17:47:31,78,click
2023-09-24 01:36:40,76,purchase
2023-04-04 16:21:01,54,login
2023-02-09 19:26:29,9,logout
2023-04-16 04:37:29,35,click
2023-10-27 06:14:01,6,login
2023-03-06 13:21:24,19,login
2023-05-08 09:47:29,90,click
2023-09-28 09:45:42,11,purchase
2023-05-11 19:02:46,19,login
2023-01-26 13:53:57,34,login
2023-09-15 12:16:57,72,purchase
2023-12-27 08:50:42,4,view
2023-08-20 12:18:13,81,view
2023-11-23 22:13:19,100,click
2023-06-22 05:20:35,78,view
2023-12-03 08:19:09,62,logout
2023-01-13 17:32:04,89,logout
2023-08-16 13:55:37,9,click
2023-02-21 22:17:04,21,view
2023-08-20 17:36:27,23,purchase
2023-03-29 14:45:16,11,click
2023-12-31 19:46:56,35,logout
2023-11-13 21:29:33,52,logout
2023-11-14 15:40:02,11,logout
2023-03-10 14:14:35,70,click
2023-04-13 12:44:48,39,view
2023-04-22 10:08:34,50,purchase
2023-01-25 01:08:15,27,view
2023-12-28 20:56:42,44,click
2023-10-29 07:03:36,3,purchase
2023-03-24 09:38:00,95,view
2023-03-29 03:09:42,88,purchase
2023-01-22 03:25:43,17,purchase
2023-02-21 06:05:19,6,logout
2023-10-11 21:27:28,60,click
2023-11-03 08:37:26,19,login
2023-04-16 23:47:54,10,logout
2023-03-17 02:50:10,70,logout
2023-08-18 03:05:20,76,login
2023-07-02 08:17:46,40,login
2023-10-24 11:53:34,55,view
2023-12-30 15:02:29,46,view
2023-05-07 19:35:22,57,logout
2023-09-13 17:04:53,92,logout
2023-08-13 10:32:16,78,logout
2023-11-07 12:33:19,53,view
2023-07-19 18:59:18,47,login
2023-04-25 12:37:12,11,view
2023-02-19 20:06:21,50,view
2023-06-04 20:32:42,33,login
2023-01-30 04:39:28,60,click
2023-07-25 01:25:22,83,login
2023-10-05 20:18:08,37,logout
2023-04-10 18:55:54,42,purchase
2023-09-21 05:46:25,53,purchase
2023-11-16 16:41:21,48,logout
2023-11-27 20:07:47,68,view
2023-04-01 02:58:18,12,click
2023-03-14 00:40:49,26,logout
2023-09-29 13:54:42,6,logout
2023-12-09 14:22:35,26,click
2023-06-04 08:25:00,82,click
2023-10-21 10:02:01,11,purchase
2023-08-24 09:57:12,15,login
2023-03-07 00:31:48,93,login
2023-04-07 16:09:27,87,click
2023-03-21 16:12:50,65,purchase
2023-03-30 21:58:31,59,login
2023-08-14 02:14:28,13,view
2023-01-06 08:39:22,95,logout
2023-07-12 06:58:08,46,login
2023-12-31 02:56:35,10,click
2023-04-04 01:26:03,44,click
2023-07-22 15:37:22,72,login
2023-10-16 17:32:34,79,view
2023-01-02 09:38:51,83,click
2023-09-08 07:59:25,28,purchase
2023-07-15 00:35:31,17,logout
2023-08-24 23:04:06,100,purchase
2023-12-27 04:21:48,67,click
2023-01-07 00:58:34,75,view
2023-04-19 11:11:40,25,login
2023-10-14 14:48:52,98,logout
2023-08-19 09:43:49,85,view
2023-06-07 17:19:40,80,view
2023-08-20 06:04:38,48,logout
2023-05-23 21:38:03,73,login
2023-04-05 11:41:24,53,view
2023-12-30 22:12:52,72,purchase
2023-07-02 05:14:01,45,logout
2023-12-10 20:17:43,6,click
2023-02-04 21:09:55,8,login
2023-05-16 06:44:55,14,login
2023-04-25 15:42:17,49,click
2023-01-29 21:29:15,88,logout
2023-02-28 10:21:01,27,purchase
2023-07-13 00:13:09,3,click
2023-10-20 08:06:29,86,logout
2023-07-20 05:54:41,52,logout
2023-10-24 09:15:48,61,purchase
2023-08-08 13:11:41,57,login
2023-03-23 08:59:12,83,login
2023-01-20 19:41:01,42,purchase
2023-10-08 10:32:58,5,view
2023-11-15 11:43:52,7,view
2023-05-30 10:39:01,99,login
2023-04-08 20:08:28,30,logout
2023-07-19 05:41:50,46,click
2023-04-09 11:51:45,21,logout
2023-07-03 14:27:23,15,logout
2023-12-05 13:09:42,58,view
2023-11-16 08:04:35,61,purchase
2023-08-25 05:03:03,68,login
2023-09-27 18:53:18,24,click
2023-11-18 09:56:09,77,logout
2023-06-09 21:21:58,50,login
2023-01-21 10:51:08,56,click
2023-02-28 11:14:16,70,view
2023-09-28 00:42:47,61,purchase
2023-10-19 17:24:57,99,view
2023-06-30 16:13:40,49,login
2023-05-03 18:50:20,91,click
2023-11-15 03:49:33,31,logout
2023-10-25 07:56:02,99,purchase
2023-06-04 12:12:45,5,purchase
2023-05-16 03:24:21,90,view
2023-02-18 06:42:12,4,purchase
2023-01-27 07:28:53,40,purchase
2023-08-13 20:48:05,87,click
2023-07-19 22:29:29,22,view
2023-07-19 20:02:05,15,view
2023-01-26 06:01:08,62,purchase
2023-11-17 12:28:25,99,logout
2023-05-24 05:38:35,83,login
2023-04-27 10:26:18,41,logout
2023-02-21 08:40:07,53,click
2023-12-25 23:56:39,76,purchase
2023-03-08 12:54:37,71,logout
2023-07-10 21:38:30,53,click
2023-07-09 14:17:55,89,purchase
2023-01-30 18:42:40,23,logout
2023-08-19 07:00:01,29,purchase
2023-05-27 00:21:12,39,login
2023-12-28 08:42:30,20,view
2023-06-24 12:48:57,4,login
2023-12-18 21:23:53,77,login
2023-04-12 12:02:26,72,logout
2023-08-02 00:40:23,98,login
2023-05-06 15:42:08,35,click
2023-06-28 07:17:28,23,purchase
2023-06-05 18:25:45,98,login
2023-03-07 00:58:28,33,logout
2023-04-03 03:19:02,1,view
2023-06-09 21:32:10,15,purchase
2023-06-29 10:12:40,32,login
2023-11-09 06:08:50,60,purchase
2023-05-27 19:46:18,8,login
2023-07-31 12:52:56,27,view
2023-11-16 15:36:10,22,logout
2023-03-03 12:35:47,43,click
2023-10-09 04:57:00,78,purchase
2023-03-06 21:26:13,35,logout
2023-02-18 21:16:51,40,purchase
2023-10-18 13:32:50,49,purchase
2023-06-15 12:04:53,50,click
2023-09-23 02:39:24,8,view
2023-07-08 01:27:18,92,view
2023-04-13 02:37:53,58,logout
2023-05-10 02:31:18,38,click
2023-08-09 23:36:19,24,view
2023-11-04 19:53:49,32,purchase
2023-07-17 07:02:13,53,logout
2023-09-26 06:44:09,66,purchase
2023-04-07 15:33:36,10,click
2023-11-07 15:59:13,33,view
2023-06-09 05:30:57,65,logout
2023-07-18 12:19:11,80,purchase
2023-01-30 21:03:38,50,purchase
2023-04-16 13:28:17,45,login
2023-05-10 12:52:31,55,click
2023-02-08 19:40:55,34,view
2023-08-02 13:36:39,43,login
2023-09-13 10:37:12,36,click
2023-08-22 09:08:16,2,click
2023-06-26 22:16:36,64,purchase
2023-12-21 04:00:11,49,logout
2023-04-11 02:24:38,71,purchase
2023-01-24 22:52:57,9,view
2023-10-18 13:46:49,62,logout
2023-04-08 12:41:37,98,click
2023-08-31 16:35:09,10,logout
2023-06-18 20:18:55,25,view
2023-10-08 02:39:59,15,purchase
2023-08-10 06:33:48,53,logout
2023-05-04 04:18:38,57,click
2023-03-25 20:05:57,89,click
2023-07-23 17:15:07,64,logout
2023-03-15 02:04:11,38,click
2023-11-18 03:35:12,86,view
2023-04-30 07:30:00,86,login
2023-12-04 19:46:29,92,view
2023-12-03 18:18:25,34,click
2023-11-02 06:06:18,58,purchase
2023-03-18 12:51:28,63,logout
2023-10-31 04:56:29,79,click
2023-07-20 15:46:00,80,view
2023-06-02 13:28:58,35,logout
2023-04-29 15:59:36,59,login
2023-10-03 02:19:29,62,click
2023-10-20 09:27:03,58,purchase
2023-03-01 12:10:16,79,login
2023-03-29 01:14:36,6,purchase
2023-02-27 09:38:12,94,logout
2023-11-18 17:22:07,74,view
2023-06-07 16:27:48,61,purchase
2023-04-01 17:40:38,84,click
2023-11-08 20:16:51,33,purchase
2023-04-27 13:19:41,72,purchase
2023-10-04 08:29:33,48,click
2023-05-25 13:15:51,10,purchase
2023-06-26 13:21:21,32,login
2023-03-15 06:07:23,1,click
2023-07-26 15:58:24,42,purchase
2023-08-21 22:34:06,79,view
2023-01-02 02:19:08,16,view
2023-11-09 18:57:27,99,view
2023-12-04 01:00:22,5,view
2023-11-01 23:56:47,61,click
2023-09-25 16:29:30,28,purchase
2023-08-08 06:23:01,68,view
2023-01-26 01:36:55,7,view
2023-01-19 18:02:08,7,view
2023-10-13 06:49:14,69,logout
2023-12-15 07:31:17,35,logout
2023-11-07 03:13:18,93,view
2023-07-24 22:52:11,37,purchase
2023-03-28 21:18:57,75,click
2023-11-19 07:30:29,7,logout
2023-06-25 11:55:34,59,logout
2023-04-10 02:56:36,59,login
2023-03-24 01:06:35,64,click
2023-01-18 22:59:18,89,logout
2023-11-23 15:46:58,6,click
2023-01-05 23:13:10,64,view
2023-09-08 17:21:43,1,purchase
2023-02-01 06:16:39,17,login
2023-04-11 16:56:24,82,click
2023-06-04 22:03:27,18,login
2023-02-27 23:37:30,98,login
2023-10-29 22:02:37,85,purchase
2023-11-21 17:38:27,60,view
2023-12-29 08:58:12,84,login
2023-05-30 09:35:30,9,logout
2023-11-28 17:00:24,67,click
2023-01-11 04:25:06,88,purchase
2023-02-13 21:41:48,55,click
2023-11-20 23:32:00,2,click
2023-08-07 02:06:28,66,purchase
2023-08-04 21:18:13,91,click
2023-04-04 07:44:25,99,click
2023-09-07 00:35:08,7,login
2023-04-18 14:36:22,35,purchase
2023-08-28 05:17:56,72,click
2023-07-20 22:56:20,17,login
2023-09-06 11:53:17,15,click
2023-02-09 20:41:22,39,click
2023-07-12 12:11:47,100,login
2023-01-19 13:09:51,16,purchase
2023-09-29 05:35:55,41,login
2023-09-06 11:16:01,63,click
2023-07-28 05:31:18,36,purchase
2023-04-02 19:03:00,19,logout
2023-06-16 02:37:11,60,click
2023-05-08 14:11:56,37,click
2023-02-26 01:07:12,53,click
2023-09-19 19:35:41,79,click
2023-01-25 03:06:51,42,logout
2023-02-10 04:43:41,43,click
2023-11-10 06:32:47,22,view
2023-06-04 20:15:58,73,logout
2023-11-30 02:24:07,99,purchase
2023-08-23 08:05:37,26,login
2023-04-18 03:24:15,71,click
2023-07-16 21:00:41,80,purchase
2023-01-21 15:03:35,94,click
2023-11-28 19:07:33,27,click
2023-05-24 22:24:38,55,purchase
2023-01-26 06:08:38,82,logout
2023-05-15 11:57:10,79,view
2023-07-24 20:40:05,8,login
2023-05-17 19:39:53,30,view
2023-10-06 03:37:03,57,login
2023-12-26 09:13:06,78,click
2023-07-01 17:21:36,8,logout
2023-02-09 08:02:45,8,login
2023-07-31 04:38:45,9,logout
2023-01-09 09:01:17,63,view
2023-05-05 15:18:06,68,click
2023-10-17 10:29:24,42,view
2023-11-14 10:29:21,36,logout
2023-09-03 10:01:45,12,purchase
2023-12-17 22:13:27,58,purchase
2023-08-31 21:12:39,22,click
2023-01-26 09:58:19,78,login
2023-06-18 02:18:43,65,login
2023-04-21 05:44:08,62,purchase
2023-07-29 08:31:22,80,login
2023-09-15 15:30:22,21,logout
2023-12-18 08:33:42,67,purchase
2023-02-17 12:49:08,33,click
2023-11-06 04:54:18,8,purchase
2023-07-18 15:00:03,4,logout
2023-02-13 07:24:00,77,logout
2023-08-08 00:33:04,68,logout
2023-02-10 16:15:28,61,click
2023-07-09 17:29:05,78,view
2023-05-24 14:38:15,18,view
2023-06-13 11:10:08,1,view
2023-09-16 14:02:28,91,login
2023-05-08 01:54:16,94,click
2023-09-23 11:53:53,41,logout
2023-06-23 07:25:23,20,click
2023-09-12 17:21:25,49,view
2023-07-10 07:13:15,85,purchase
2023-03-16 06:10:23,18,login
2023-05-20 05:28:29,47,logout
2023-12-26 02:59:18,50,click
2023-04-21 05:31:48,72,view
2023-08-26 04:19:46,46,purchase
2023-10-14 01:14:57,49,login
2023-05-05 14:18:26,12,login
2023-06-23 12:52:01,33,click
2023-02-17 16:49:25,49,login
2023-10-07 11:31:15,13,purchase
2023-09-15 07:05:14,56,view
2023-02-08 22:55:08,40,view
2023-09-21 19:39:29,71,login
2023-08-30 00:14:20,83,view
2023-05-02 00:23:34,13,view
2023-01-28 01:47:49,36,click
2023-10-31 00:50:36,80,logout
2023-04-02 11:42:06,76,login
2023-09-06 14:16:01,77,login
2023-07-05 18:25:59,83,logout
2023-09-17 17:30:28,97,click
2023-06-24 08:00:04,40,login
2023-10-17 12:13:02,34,logout
2023-04-09 17:12:19,50,view
2023-08-26 00:27:10,36,purchase
2023-06-30 02:37:49,96,purchase
2023-04-08 05:27:57,80,view
2023-02-21 01:25:44,14,purchase
2023-03-01 21:08:00,49,login
2023-04-27 13:58:21,9,purchase
2023-11-15 03:37:12,36,click
2023-02-10 04:54:30,94,logout
2023-10-29 22:39:17,19,view
2023-02-13 16:37:05,23,view
2023-10-08 21:23:05,34,logout
2023-03-01 02:15:23,42,view
2023-04-08 15:15:00,98,view
2023-06-30 01:37:13,66,view
2023-11-13 17:34:44,2,login
2023-03-08 07:03:39,57,click
2023-01-07 05:56:24,76,click
2023-09-26 23:21:55,71,login
2023-04-22 18:43:43,92,click
2023-03-04 06:27:44,34,click
2023-05-21 07:48:19,46,purchase
2023-10-11 05:52:38,31,purchase
2023-05-10 04:44:40,9,view
2023-07-29 11:46:57,36,login
2023-01-15 19:04:53,18,purchase
2023-06-18 00:36:51,55,logout
2023-01-24 06:40:24,68,click
2023-05-05 02:53:12,71,login
2023-03-01 12:17:25,3,login
2023-09-10 11:59:49,18,click
2023-07-28 22:25:39,77,logout
2023-04-05 07:30:58,30,click
2023-11-10 14:05:58,77,login
2023-03-04 08:43:11,63,purchase
2023-01-26 20:01:18,46,click
2023-04-29 11:12:45,88,click
2023-09-03 05:12:25,53,logout
2023-09-17 09:02:30,41,purchase
2023-08-16 21:35:02,49,purchase
2023-05-01 07:16:33,32,view
2023-09-30 06:23:49,62,click
2023-11-30 13:40:23,71,view
2023-06-06 06:28:32,7,login
2023-01-06 22:31:03,64,view
2023-08-25 11:21:14,11,purchase
2023-01-07 05:40:30,54,click
2023-08-19 22:35:16,14,purchase
2023-01-26 12:16:10,36,logout
2023-01-20 01:49:48,87,purchase
2023-11-25 22:07:58,34,logout
2023-09-03 19:21:29,18,logout
2023-10-02 21:00:57,26,view
2023-04-24 06:23:57,2,click
2023-03-28 00:07:12,13,login
2023-04-03 23:13:05,31,view
2023-04-01 18:17:39,90,purchase
2023-07-01 15:14:37,22,click
2023-07-08 05:49:39,4,view
2023-04-04 15:04:10,4,view
2023-02-15 02:43:09,53,click
2023-03-25 11:00:54,36,view
2023-04-03 03:52:59,76,click
2023-11-11 08:19:42,12,click
2023-09-08 13:31:07,32,logout
2023-09-21 23:28:51,52,view
2023-11-19 12:25:07,67,purchase
2023-09-05 04:49:19,63,view
2023-06-19 18:08:11,80,purchase
2023-06-22 06:30:18,86,login
2023-12-13 01:11:15,17,logout
2023-03-23 08:33:09,5,logout
2023-08-16 03:21:17,79,logout
2023-01-12 05:13:03,26,click
2023-10-16 20:46:55,67,click
2023-03-24 06:27:21,87,click
2023-10-18 20:54:04,18,click
2023-02-14 07:36:38,82,click
2023-02-25 16:21:28,21,view
2023-04-15 04:51:57,27,purchase
2023-12-28 10:53:19,50,login
2023-12-02 19:45:17,1,purchase
2023-03-31 05:32:11,48,view
2023-06-30 14:48:54,5,view
2023-02-14 23:28:32,94,purchase
2023-03-06 21:52:44,58,view
2023-09-06 12:21:54,7,login
2023-05-06 06:46:56,93,click
2023-06-29 05:19:43,14,view
2023-10-25 04:04:00,5,logout
2023-07-21 14:23:54,65,click
2023-04-14 19:11:31,86,logout
2023-05-21 15:57:49,62,purchase
2023-03-30 11:29:30,21,view
2023-02-25 20:38:27,5,purchase
2023-12-22 10:47:31,85,view
2023-07-11 12:11:25,8,login
2023-04-29 03:47:45,14,click
2023-05-18 11:40:56,17,logout
2023-04-18 07:31:36,72,view
2023-03-02 02:15:59,85,view
2023-12-01 02:34:32,82,purchase
2023-06-15 20:07:32,55,view
2023-04-21 11:54:29,20,view
2023-09-24 01:41:58,77,purchase
2023-04-10 04:34:17,2,logout
2023-05-16 05:33:35,63,logout
2023-08-29 20:23:22,5,login
2023-08-09 02:56:03,68,click
2023-01-03 23:39:30,27,purchase
2023-05-11 08:59:33,14,view
2023-03-12 08:51:08,54,purchase
2023-05-21 20:06:55,56,login
2023-08-30 04:49:40,1,purchase
2023-07-11 23:41:23,97,login
2023-12-10 01:18:55,11,purchase
2023-12-12 21:42:41,65,click
2023-01-30 19:50:14,72,view
2023-04-03 12:00:18,11,logout
2023-06-23 13:23:06,96,click
2023-02-02 13:58:07,30,purchase
2023-10-29 18:23:00,10,login
2023-01-26 08:43:18,12,logout
2023-04-05 18:27:38,91,click
2023-10-14 03:59:47,81,view
2023-10-31 21:46:14,35,click
2023-04-01 03:06:43,30,login
2023-04-18 10:29:17,11,login
2023-04-11 19:41:22,32,login
2023-09-24 04:24:16,78,logout
2023-08-28 06:36:23,98,purchase
2023-03-22 15:20:36,28,login
2023-01-04 11:04:29,60,login
2023-12-02 07:26:29,83,logout
2023-01-03 05:42:24,88,view
2023-07-09 07:10:35,29,logout
2023-06-24 19:35:59,89,click
2023-03-16 04:46:30,72,purchase
2023-02-07 07:49:00,13,login
2023-10-29 06:06:16,15,purchase
2023-01-21 07:43:55,32,view
2023-06-04 02:34:42,85,login
2023-02-08 01:22:49,75,logout
2023-08-31 16:44:00,92,logout
2023-02-16 13:46:43,85,login
2023-01-06 02:29:47,68,login
2023-07-11 09:46:34,69,click
2023-10-27 08:12:56,54,purchase
2023-07-04 18:47:48,87,login
2023-06-15 05:15:32,47,click
2023-01-15 01:34:58,86,purchase
2023-08-29 09:02:21,72,logout
2023-09-20 06:13:47,24,click
2023-05-01 11:56:26,36,click
2023-07-23 21:09:52,99,view
2023-02-08 23:45:58,88,logout
2023-10-17 21:28:53,43,view
2023-11-01 09:21:43,62,logout
2023-07-16 07:35:32,49,logout
2023-01-15 08:57:33,85,purchase
2023-02-23 07:33:47,65,logout
2023-02-25 08:57:22,67,logout
2023-09-18 16:02:44,46,logout
2023-07-28 10:03:51,23,purchase
2023-01-06 18:22:54,49,logout
2023-12-27 16:06:08,100,click
2023-05-27 20:18:45,61,login
2023-02-24 20:45:20,96,view
2023-10-25 22:33:55,35,view
2023-08-07 02:05:42,76,view
2023-10-13 10:02:36,6,login
2023-09-22 02:35:09,63,click
2023-06-17 00:34:11,56,purchase
2023-02-24 20:26:54,84,logout
2023-06-11 19:09:01,69,view
2023-07-07 05:24:53,84,login
2023-08-16 10:26:23,88,view
2023-09-11 02:21:53,28,click
2023-02-13 04:40:21,35,purchase
2023-11-12 06:36:05,19,purchase
2023-05-01 16:34:50,20,logout
2023-09-03 13:24:09,77,click
2023-02-28 18:55:25,88,purchase
2023-05-07 10:11:25,97,login
2023-09-05 17:34:53,91,logout
2023-06-06 05:52:17,50,login
2023-09-15 17:12:29,48,view
2023-02-25 17:24:08,49,logout
2023-11-12 19:34:35,61,view
2023-10-11 16:18:10,53,purchase
2023-07-19 02:38:08,3,purchase
2023-01-09 08:13:21,66,click
2023-09-04 03:02:47,8,logout
2023-12-12 08:20:49,16,click
2023-06-08 03:45:52,18,logout
2023-02-06 10:44:27,59,logout
2023-04-01 15:53:33,65,purchase
2023-07-26 12:42:30,85,login
2023-03-08 00:34:43,48,click
2023-01-07 06:03:31,23,logout
2023-06-29 18:32:44,93,purchase
2023-12-10 01:44:22,72,purchase
2023-08-05 21:33:31,79,purchase
2023-03-20 14:22:02,24,logout
2023-02-10 14:06:18,12,purchase
2023-09-23 07:17:31,49,click
2023-05-09 01:49:57,56,purchase
2023-07-16 13:29:41,57,click
2023-11-03 12:47:31,79,purchase
2023-05-08 05:50:50,97,purchase
2023-09-14 00:02:35,75,view
2023-08-20 19:15:29,80,view
2023-09-17 02:20:41,54,logout
2023-04-20 06:37:56,92,click
2023-02-11 14:43:49,11,logout
2023-01-10 18:45:34,81,view
2023-01-03 05:27:17,89,purchase
2023-12-01 15:39:55,69,logout
2023-10-12 01:46:44,99,logout
2023-07-16 21:22:03,31,purchase
2023-06-13 15:11:14,81,click
2023-01-03 00:32:39,65,purchase
2023-11-29 20:58:57,57,purchase
2023-02-05 18:28:08,36,logout
2023-12-10 12:08:46,63,purchase
2023-03-30 23:21:44,92,login
2023-07-26 09:44:23,27,login
2023-06-12 19:51:24,60,login
2023-02-01 16:56:59,8,view
2023-02-19 20:33:18,52,view
2023-03-08 04:38:14,77,logout
2023-01-06 00:11:06,17,login
2023-01-29 19:29:51,72,logout
2023-09-02 09:50:21,60,view
2023-01-23 05:07:39,64,click
2023-12-15 22:54:53,64,purchase
2023-11-14 03:20:32,17,logout
2023-11-25 21:22:40,55,view
2023-05-30 00:15:26,86,login
2023-03-19 13:48:52,84,login
2023-10-10 00:39:32,28,login
2023-11-13 21:01:59,64,click
2023-06-26 02:19:53,65,logout
2023-08-04 00:56:03,9,logout
2023-05-24 23:57:47,68,logout
2023-08-26 06:29:38,43,purchase
2023-01-30 22:56:42,61,login
2023-07-15 07:07:15,89,login
2023-07-18 09:56:22,69,click
2023-11-28 01:11:39,52,logout
2023-05-10 20:27:26,84,click
2023-11-04 23:26:23,71,purchase
2023-10-28 13:05:39,20,view
2023-01-04 03:31:51,23,logout
2023-02-10 09:58:27,30,login
2023-02-08 20:10:20,12,login
2023-11-06 19:55:57,47,login
2023-08-06 04:25:13,98,click
2023-02-21 08:15:16,22,login
2023-11-01 21:46:53,78,login
2023-03-06 01:04:23,87,logout
2023-11-06 23:15:57,31,logout
2023-03-07 10:38:36,91,view
2023-11-18 22:01:01,94,logout
2023-05-30 15:32:26,32,view
2023-12-14 07:21:46,85,view
2023-07-15 13:00:23,37,purchase
2023-12-14 19:58:22,19,click
2023-07-11 07:05:43,76,logout
2023-08-19 02:26:16,63,login
2023-04-24 16:10:43,100,view
2023-07-27 21:28:40,83,purchase
2023-11-26 20:04:44,13,click
2023-01-27 10:19:52,27,click
2023-03-01 05:35:07,43,click
2023-08-15 21:47:12,37,view
2023-02-07 02:25:06,8,purchase
2023-07-19 23:03:46,89,purchase
2023-10-31 03:56:27,89,purchase
2023-05-10 02:47:17,4,view
2023-09-06 01:03:29,45,login
2023-08-08 02:24:22,91,login
2023-08-27 00:56:46,95,view
2023-03-13 19:05:59,21,view
2023-02-25 16:12:41,47,login
2023-02-20 18:15:59,92,login
2023-03-11 05:32:19,69,purchase
2023-05-07 06:40:25,89,click
2023-09-28 21:04:56,35,purchase
2023-09-19 15:34:57,67,login
2023-10-06 17:00:13,31,login
2023-04-03 00:35:33,60,view
2023-12-25 22:24:59,36,view
2023-12-29 12:30:53,59,logout
2023-09-29 08:43:16,16,view
2023-11-09 23:35:10,83,view
2023-06-04 21:57:20,69,login
2023-06-25 18:34:42,13,purchase
2023-06-18 00:58:51,12,view
2023-11-11 18:23:21,29,view
2023-10-05 09:33:22,92,login
2023-07-29 22:18:16,78,login
2023-03-12 17:49:38,89,logout
2023-06-24 20:50:35,31,view
2023-04-21 09:21:02,86,purchase
2023-01-25 13:32:24,15,purchase
2023-12-15 13:31:48,33,view
2023-02-18 04:29:33,64,purchase
2023-01-08 00:12:23,89,view
2023-01-22 06:15:35,9,login
2023-10-12 05:24:50,44,click
2023-07-27 11:41:03,40,view
2023-03-14 10:17:02,64,view
2023-07-18 09:05:34,30,purchase
2023-06-08 07:44:34,6,purchase
2023-12-28 03:46:20,99,purchase
2023-05-22 11:25:37,25,view
2023-07-12 19:25:28,15,logout
2023-12-03 06:33:36,13,click
2023-03-30 03:32:47,79,view
2023-03-14 05:44:19,85,purchase
2023-05-25 00:14:45,81,purchase
2023-05-21 08:58:47,78,login
2023-12-15 01:18:49,56,view
2023-02-02 00:16:18,28,logout
2023-11-11 22:04:57,1,click
2023-08-30 20:41:25,87,purchase
2023-05-16 02:41:43,21,click
2023-01-23 14:20:37,91,view
2023-07-18 11:49:08,68,login
2023-10-10 12:25:03,74,purchase
2023-10-16 12:59:31,11,click
2023-01-13 20:54:22,42,view
2023-08-18 13:44:30,44,logout
2023-08-23 15:52:47,55,logout
2023-10-20 17:57:23,44,purchase
2023-06-16 17:10:07,79,click
2023-03-05 12:12:12,75,view
2023-05-27 07:04:17,92,login
2023-05-13 01:46:44,36,purchase
2023-04-22 18:48:44,36,click
2023-01-17 16:09:56,71,view
2023-01-31 11:37:56,98,logout
2023-11-24 05:22:56,10,login
2023-06-16 21:43:12,90,purchase
2023-07-27 15:15:25,34,purchase
2023-05-16 10:28:09,70,view
2023-09-15 02:54:10,26,logout
2023-04-03 13:40:57,94,login
2023-08-28 09:56:58,35,purchase
2023-07-08 01:34:34,2,logout
2023-04-13 07:03:05,61,logout
2023-10-14 11:41:06,50,view
2023-11-03 12:22:24,68,purchase
2023-04-08 01:59:54,16,login
2023-09-07 19:22:30,46,view
2023-05-19 05:36:59,26,purchase
2023-05-06 02:47:27,37,purchase
2023-04-15 01:03:18,76,login
2023-02-18 11:25:22,96,purchase
2023-10-05 09:50:04,77,click
2023-04-29 02:31:37,46,purchase
2023-05-04 13:28:28,84,purchase
2023-08-31 23:59:54,70,logout
2023-10-20 11:33:58,45,login
2023-05-28 09:05:59,53,login
2023-03-25 02:50:45,97,logout
2023-03-07 13:56:02,20,click
2023-03-22 08:14:17,68,purchase
2023-10-28 23:15:31,27,purchase
2023-01-23 02:26:49,2,logout
2023-01-03 08:36:43,87,purchase
2023-08-31 05:42:10,8,logout
2023-12-06 22:19:33,66,view
2023-08-01 06:16:17,57,click
2023-07-13 12:35:14,92,view
2023-02-06 03:59:24,91,view
2023-11-27 16:23:39,87,click
2023-11-04 22:56:24,79,view
2023-07-31 14:59:28,70,view
2023-02-24 11:10:49,53,click
2023-11-27 09:35:45,100,purchase
2023-01-26 01:46:14,93,purchase
2023-08-11 01:54:42,28,click
2023-03-09 15:31:48,74,view
2023-09-21 21:17:56,87,logout
2023-05-18 16:04:19,74,logout
2023-11-14 14:51:07,6,click
2023-11-12 04:21:34,71,login
2023-03-27 21:29:51,15,click
2023-05-24 06:49:33,76,login
2023-12-13 17:29:01,80,click
2023-07-30 23:01:47,59,view
2023-03-06 21:04:25,91,view
2023-06-05 14:30:57,83,view
2023-04-20 12:58:21,100,view
2023-09-14 07:27:12,75,login
2023-07-27 04:54:38,48,logout
2023-11-28 16:44:21,21,login
2023-04-04 22:03:25,70,view
2023-10-07 15:12:20,53,logout
2023-06-15 22:18:35,83,purchase
2023-12-04 01:22:05,58,view
2023-08-23 20:19:21,96,login
2023-07-02 06:36:27,97,logout
2023-01-29 10:21:43,51,purchase
2023-10-26 02:35:17,96,purchase
2023-01-04 09:38:41,59,click
2023-10-27 20:45:03,9,view
2023-10-08 15:54:03,99,purchase
2023-05-09 07:44:05,43,click
2023-10-13 22:01:33,80,click
2023-08-21 05:16:09,31,login
2023-09-03 14:09:20,10,view
2023-10-18 08:04:37,2,view
2023-01-01 22:40:24,94,purchase
2023-03-24 21:32:17,24,view
2023-08-17 00:19:30,3,purchase
2023-11-08 11:13:57,8,login
2023-01-18 10:03:12,31,login
2023-12-28 12:09:46,61,view
2023-01-15 18:14:24,38,logout
2023-12-23 14:25:53,17,logout
2023-01-10 07:03:50,8,click
2023-03-23 06:12:06,61,view
2023-09-15 13:06:44,47,logout
2023-08-22 22:15:30,18,purchase
2023-05-24 06:22:57,1,view
2023-12-12 00:39:30,62,click
2023-02-25 12:40:14,28,click
2023-08-18 10:04:12,36,purchase
2023-09-28 03:22:22,15,view
2023-06-29 02:00:19,97,click
2023-01-30 23:43:22,16,click
2023-11-29 05:41:50,85,login
2023-05-13 10:07:10,53,view
2023-09-09 05:57:20,87,click
2023-07-02 07:30:55,93,click
2023-01-29 16:10:05,15,login
2023-10-21 21:34:23,30,purchase
2023-04-21 00:19:18,24,view
2023-06-17 09:52:23,52,view
2023-02-26 09:01:17,90,login
2023-07-15 02:05:19,85,purchase
2023-04-08 14:05:26,80,purchase
2023-06-29 05:37:17,51,logout
2023-04-05 15:24:58,12,login
2023-03-15 23:45:57,72,purchase
2023-09-30 11:15:38,83,logout
2023-04-13 15:33:59,12,purchase
2023-05-25 17:22:43,62,login
2023-10-31 06:47:21,60,logout
2023-01-12 22:46:16,58,logout
2023-05-20 21:29:29,58,view
2023-06-26 08:27:19,18,view
2023-08-11 17:17:12,5,click
2023-07-08 20:02:54,36,click
2023-07-12 04:10:12,83,logout
2023-02-25 03:00:44,91,purchase
2023-01-31 20:16:32,19,purchase
2023-12-29 10:49:37,21,login
2023-01-15 05:52:06,55,login
2023-06-25 09:34:44,20,logout
2023-07-05 14:01:37,65,purchase
2023-11-27 23:25:45,3,login
2023-05-01 04:09:57,88,purchase
2023-10-19 21:04:43,47,view
2023-07-06 06:56:23,94,view
2023-01-27 12:58:06,66,view
2023-10-09 14:40:16,97,logout
2023-07-10 21:41:04,91,login
2023-10-28 16:54:16,26,purchase
2023-06-22 14:21:20,69,logout
2023-12-15 23:11:40,74,purchase
2023-05-11 16:03:40,22,click
2023-11-15 21:48:11,61,view
2023-03-24 18:46:49,54,purchase
2023-11-13 21:16:16,19,click
2023-04-30 00:08:39,62,purchase
2023-01-01 13:27:27,30,view
2023-11-23 18:25:57,29,logout
2023-05-12 18:04:50,69,view
2023-12-13 05:05:06,93,login
2023-01-15 00:02:37,13,login
2023-05-15 10:09:16,4,login
2023-01-08 20:48:49,61,click
2023-08-19 08:20:01,45,view
2023-10-02 20:07:57,90,logout
2023-07-05 09:53:21,22,logout
2023-12-08 15:01:44,7,click
2023-03-30 13:54:41,67,login
2023-10-29 18:17:59,88,purchase
2023-01-19 14:24:20,58,view
2023-05-27 05:48:11,20,view
2023-07-06 12:20:26,32,logout
2023-04-11 00:43:41,39,logout
2023-01-09 11:45:23,17,click
2023-03-23 11:26:27,53,click
2023-04-07 03:15:42,75,login
2023-10-04 14:04:26,75,purchase
2023-11-21 18:37:24,51,purchase
2023-05-16 01:52:30,53,login
2023-10-24 01:59:54,6,logout
2023-12-16 04:08:29,33,view
2023-01-21 04:11:24,68,login
2023-08-27 18:07:19,39,view
2023-01-19 12:23:05,78,login
2023-06-27 19:07:26,93,click
2023-11-29 00:49:54,33,view
2023-01-16 15:04:57,32,click
2023-09-15 21:14:27,14,login
2023-06-25 05:58:26,45,view
2023-03-03 06:15:57,3,purchase
2023-10-09 20:01:30,36,logout
2023-08-09 20:35:05,70,click
2023-05-28 14:00:21,6,click
2023-12-04 23:04:40,16,view
2023-10-13 16:40:41,63,login
2023-12-11 10:27:59,76,click
2023-07-11 23:59:16,69,purchase
2023-12-24 23:01:31,97,purchase
2023-08-21 11:33:34,61,view
2023-04-25 15:48:00,19,logout
2023-08-24 00:21:22,73,view
2023-02-26 23:03:34,88,login
2023-04-19 19:43:57,80,click
2023-05-02 02:30:47,21,purchase
2023-03-03 07:40:21,49,login
2023-12-30 20:29:00,95,view
2023-05-06 06:01:46,85,click
2023-01-22 22:33:47,44,logout
2023-12-17 12:32:20,75,login
2023-08-17 12:36:04,31,purchase
2023-08-01 03:49:07,50,login
2023-11-15 18:01:01,4,login
2023-07-23 08:35:22,63,logout
2023-10-08 08:41:45,2,login
2023-07-09 14:55:13,23,click
2023-07-26 19:38:19,82,view
2023-01-01 13:08:31,95,click
2023-06-07 07:32:30,70,view
2023-04-21 11:28:05,29,logout
2023-12-13 04:17:21,12,click
2023-06-08 22:56:48,67,view
2023-11-29 01:33:15,6,view
2023-04-17 03:39:52,79,login
2023-03-23 05:47:36,55,logout
2023-01-23 16:50:21,59,purchase
2023-07-17 16:01:21,50,view
2023-09-24 16:39:18,83,click
2023-07-16 16:53:00,67,logout
2023-12-22 11:07:51,92,purchase
2023-10-13 10:52:39,73,view
2023-07-07 22:25:13,89,click
2023-11-13 05:16:58,61,logout
2023-07-26 19:09:19,2,purchase
2023-03-19 14:09:24,72,view
2023-07-09 03:01:11,4,click
2023-06-11 15:49:48,75,login
2023-06-30 02:18:04,36,login
2023-11-29 01:34:33,28,view
2023-12-14 19:02:33,81,view
2023-03-01 15:27:20,45,click
2023-04-24 11:52:31,87,click
2023-02-28 11:41:39,52,login
2023-11-16 10:29:44,11,logout
2023-09-06 15:19:11,24,login
2023-03-08 09:58:08,82,view
2023-09-10 15:09:32,58,click
2023-01-03 01:23:17,37,logout
2023-02-01 03:02:15,41,click
2023-01-27 14:37:44,76,purchase
2023-04-23 01:42:53,52,purchase
2023-11-25 22:57:11,74,purchase
2023-04-09 23:19:40,75,login
2023-03-21 04:57:25,55,purchase
2023-08-20 21:52:19,100,click
2023-04-20 16:00:53,8,login
2023-11-06 21:48:00,79,purchase
2023-01-31 20:59:40,78,purchase
2023-07-20 08:03:14,96,purchase
2023-02-25 16:31:48,99,login
2023-05-30 03:32:43,81,purchase
2023-12-30 04:32:58,56,login
2023-04-28 22:12:05,83,purchase
2023-01-29 02:03:11,2,logout
2023-03-26 12:19:06,68,logout
2023-03-13 08:08:03,87,click
2023-02-02 05:16:43,53,login
2023-04-09 22:53:57,53,login
2023-12-25 01:03:10,83,view
2023-08-19 16:51:22,1,logout
2023-01-08 15:25:55,90,view
2023-04-29 02:00:25,59,view
2023-07-10 05:55:50,3,logout
2023-02-23 04:42:10,50,click
2023-02-24 21:48:10,93,click
2023-09-25 12:41:26,67,login
2023-01-26 23:12:31,32,click
2023-10-15 21:43:20,39,logout
2023-12-04 05:04:50,48,logout
2023-10-08 15:43:12,17,logout
2023-08-12 11:37:41,17,view
2023-08-06 12:41:11,48,login
2023-12-16 03:13:30,23,purchase
2023-04-25 03:58:14,81,login
2023-05-16 15:48:25,46,logout
2023-06-24 19:02:32,49,purchase
2023-01-06 19:28:28,83,click
2023-11-05 12:11:09,99,logout
2023-06-28 05:57:29,52,login
2023-10-30 10:12:13,64,click
2023-02-15 17:13:48,14,logout
2023-08-07 10:24:16,96,login
2023-11-30 06:07:10,35,login
2023-10-20 15:20:13,84,click
2023-11-05 21:29:06,17,view
2023-04-14 09:17:41,20,purchase
2023-02-14 12:46:07,13,login
2023-10-12 00:46:47,24,click
2023-06-15 01:19:45,65,logout
2023-10-26 19:45:14,77,click
2023-11-23 09:57:04,16,logout
2023-01-24 04:47:49,31,login
2023-03-03 23:33:26,19,click
2023-04-10 18:07:19,59,click
2023-04-09 21:17:04,21,login
2023-12-24 09:44:58,97,view
2023-06-10 01:08:43,34,login
2023-04-03 07:39:51,5,login
2023-08-11 23:30:54,20,logout
2023-11-20 04:17:30,75,view
2023-08-21 12:22:03,69,logout
2023-09-30 18:22:13,51,login
2023-01-29 16:09:53,52,click
2023-05-01 23:11:56,30,view
2023-08-16 14:50:40,61,click
2023-02-22 08:32:34,53,view
2023-12-12 20:51:58,68,login
2023-07-23 16:46:13,59,logout
2023-08-20 09:30:24,98,login
2023-12-13 10:58:20,45,login
2023-05-29 04:47:48,60,click
2023-09-04 06:16:15,2,purchase
2023-12-07 06:14:42,53,logout
2023-03-29 12:20:31,79,purchase
2023-06-11 07:05:42,31,click
2023-12-31 22:49:51,26,click
2023-09-05 18:09:23,72,purchase
2023-09-07 16:29:44,100,view
2023-11-03 09:52:40,77,click
2023-10-08 08:39:10,8,logout
2023-11-01 20:40:35,62,click
2023-07-01 10:34:40,87,view
2023-02-18 13:39:33,25,view
2023-05-19 12:54:00,50,click
2023-03-23 00:32:10,52,view
2023-08-15 04:44:28,7,logout
2023-06-25 07:31:02,43,view
2023-05-10 05:16:17,27,click
2023-11-22 07:11:12,91,purchase
2023-03-29 13:29:18,57,view
2023-05-06 14:58:56,99,purchase
2023-09-14 07:16:58,60,login
2023-08-24 13:09:01,21,purchase
2023-10-14 19:18:29,13,logout
2023-05-10 22:20:28,52,logout
2023-03-02 20:35:02,62,click
2023-07-02 18:43:27,61,purchase
2023-05-16 21:24:43,77,login
2023-02-18 21:06:36,89,view
2023-11-02 18:46:55,81,logout
2023-09-20 19:43:45,27,click
2023-12-16 03:20:51,60,view
2023-05-30 19:13:51,8,login
2023-04-26 04:14:52,67,view
2023-05-29 10:37:48,87,click
2023-06-11 04:03:30,61,login
2023-11-05 20:42:19,11,login
2023-08-08 06:32:08,34,purchase
2023-11-10 07:17:14,38,logout
2023-01-09 10:15:29,56,purchase
2023-07-21 17:16:18,56,click
2023-02-22 01:05:38,71,login
2023-09-22 02:24:41,78,click
2023-06-24 06:20:20,52,login
2023-08-09 10:30:10,42,click
2023-05-14 21:14:39,63,click
2023-06-24 06:32:50,28,logout
2023-10-15 11:25:25,12,logout
2023-06-24 07:58:12,46,purchase
2023-02-18 15:03:00,34,purchase
2023-07-06 17:35:33,13,purchase
2023-12-24 11:04:05,35,purchase
2023-02-05 06:52:21,73,purchase
2023-02-23 08:25:20,1,purchase
2023-12-12 02:19:03,53,view
2023-10-28 19:20:05,14,login
2023-11-30 16:00:22,49,login
2023-07-17 05:17:52,64,click
2023-03-04 05:58:01,81,logout
2023-10-31 03:42:16,8,logout
2023-12-09 00:12:09,63,click
2023-10-10 03:22:47,71,purchase
2023-04-23 18:44:33,39,purchase
2023-06-08 09:49:27,35,view
2023-05-18 00:28:05,85,login
2023-09-11 05:16:41,56,click
2023-09-26 10:22:34,81,login
2023-11-26 02:54:34,48,view
2023-03-17 23:00:21,98,login
2023-09-25 03:14:56,96,purchase
2023-04-16 08:08:16,32,login
2023-01-04 04:05:49,95,click
2023-07-06 07:01:36,14,click
2023-04-11 10:06:28,23,logout
2023-02-25 12:16:37,64,click
2023-01-24 21:43:21,33,login
2023-05-10 10:57:49,11,click
2023-03-19 12:15:03,54,view
2023-10-01 09:16:44,23,view
2023-09-27 01:43:29,30,view
2023-04-13 03:47:30,75,login
2023-04-13 05:47:55,60,logout
2023-07-24 11:28:19,18,purchase
2023-06-26 00:09:51,78,logout
2023-11-12 13:35:22,29,purchase
2023-11-18 15:16:03,56,click
2023-10-23 02:08:14,16,purchase
2023-03-25 02:38:13,52,view
2023-08-09 07:00:00,74,click
2023-01-14 01:47:10,37,purchase
2023-01-26 16:05:33,97,logout
2023-02-18 00:16:29,78,view
2023-11-25 09:09:35,85,purchase
2023-11-04 09:24:02,61,click
2023-04-28 06:03:01,50,view
2023-04-14 08:28:03,21,purchase
2023-11-09 08:48:08,91,logout
2023-08-05 17:57:26,44,logout
2023-02-15 05:26:54,48,view
2023-08-02 11:52:34,50,click
2023-11-13 19:13:12,89,logout
2023-10-15 19:18:48,13,view
2023-01-26 14:27:43,96,logout
2023-03-21 14:41:56,71,logout
2023-08-12 05:43:03,59,view
2023-06-24 10:38:45,69,login
2023-07-03 19:24:28,5,purchase
2023-10-13 12:20:26,31,logout
2023-04-08 06:43:15,45,view
2023-04-29 15:29:51,51,login
2023-04-15 12:17:39,84,purchase
2023-03-06 02:27:04,65,purchase
2023-05-30 01:46:56,74,view
2023-05-19 11:59:37,83,view
2023-12-06 02:01:59,91,view
2023-02-26 06:43:01,73,logout
2023-04-27 13:07:08,53,click
2023-06-07 19:00:50,66,view
2023-09-05 14:19:16,53,purchase
2023-11-25 10:37:12,18,click
2023-07-23 23:17:19,86,logout
2023-04-15 23:03:21,31,click
2023-12-17 09:23:00,78,login
2023-04-01 09:26:08,36,purchase
2023-04-18 04:34:15,60,click
2023-06-11 15:17:52,79,purchase
2023-08-30 07:22:34,78,login
2023-02-22 10:39:35,66,view
2023-03-16 13:02:15,56,click
2023-10-29 09:35:26,5,purchase
2023-06-03 21:33:46,28,purchase
2023-08-07 06:27:57,99,logout
2023-01-27 03:16:25,41,click
2023-03-31 08:08:38,19,view
2023-01-05 18:51:47,78,login
2023-09-02 03:05:15,38,logout
2023-01-23 20:49:22,88,login
2023-01-11 23:51:10,55,purchase
2023-08-09 13:34:13,60,purchase
2023-07-22 10:52:52,71,view
2023-05-26 01:04:19,59,click
2023-11-06 00:13:10,76,logout
2023-05-03 14:44:12,3,view
2023-10-12 20:56:24,68,logout
2023-01-11 10:19:51,39,logout
2023-04-27 20:56:55,26,login
2023-11-18 07:38:55,4,login
2023-03-24 09:50:33,40,click
2023-08-04 08:13:39,59,logout
2023-02-14 13:02:48,55,click
2023-04-06 15:21:21,50,view
2023-09-01 15:32:01,85,click
2023-09-04 18:36:29,76,view
2023-08-26 11:07:38,22,click
2023-07-16 01:31:51,75,view
2023-07-04 05:07:15,30,logout
2023-04-16 17:51:42,14,login
2023-11-06 16:23:45,6,logout
2023-12-21 15:39:59,89,purchase
2023-03-13 06:34:35,45,purchase
2023-08-15 15:25:48,97,logout
2023-08-01 09:44:13,98,logout
2023-09-17 17:58:05,31,click
2023-07-09 10:27:50,29,click
2023-10-20 08:40:09,8,click
2023-07-07 13:00:31,47,click
2023-05-04 02:31:30,59,purchase
2023-05-03 04:31:32,91,click
2023-09-20 14:05:04,83,view
2023-09-29 12:22:25,7,purchase
2023-08-31 14:35:29,32,purchase
2023-02-19 22:52:48,95,login
2023-01-28 00:17:27,49,click
2023-11-25 17:46:23,6,view
2023-08-31 07:43:29,55,purchase
2023-12-11 21:43:18,3,purchase
2023-07-06 10:21:46,14,view
2023-09-19 09:19:53,79,purchase
2023-12-01 23:27:25,72,login
2023-11-20 23:05:02,36,purchase
2023-05-30 06:27:40,100,view
2023-05-13 16:54:36,54,login
2023-02-14 16:15:59,49,login
2023-03-30 04:57:04,56,logout
2023-08-10 14:42:44,84,view
2023-05-09 19:03:29,74,click
2023-06-26 21:41:57,25,logout
2023-03-18 10:49:54,73,view
2023-10-01 17:40:58,58,click
2023-02-17 22:50:50,47,login
2023-02-01 02:42:30,80,login
2023-03-21 03:44:33,68,login
2023-10-06 19:56:42,31,login
2023-01-20 17:48:35,95,purchase
2023-05-18 18:53:55,8,view
2023-08-30 08:43:22,80,logout
2023-05-22 20:27:34,84,view
2023-08-04 18:52:29,75,logout
2023-02-09 01:57:40,98,view
2023-05-03 12:02:50,79,logout
2023-04-26 18:18:43,98,view
2023-07-06 22:35:02,85,login
